Tactic	Technique	Procedure	Indicator	Note
0. Acquiring assets	0.9 Acquiring social media accounts	0.9.1 Acquiring Facebook assets	7,704 Facebook accounts	
0. Acquiring assets	0.9 Acquiring social media accounts	0.9.1 Acquiring Facebook assets	954 Facebook Pages	
0. Acquiring assets	0.9 Acquiring social media accounts	0.9.1 Acquiring Facebook assets	15 Facebook Groups	
0. Acquiring assets	0.9 Acquiring social media accounts	0.9.2 Acquiring Instagram accounts	15 Instagram accounts	
0. Acquiring assets	0.9 Acquiring social media accounts	0.9.4 Acquiring X / Twitter accounts	https://twitter[.]com/GarciaJasmyn1/	
0. Acquiring assets	0.9 Acquiring social media accounts	0.9.4 Acquiring X / Twitter accounts	https://twitter[.]com/ZoeRich28859010	
0. Acquiring assets	0.9 Acquiring social media accounts	0.9.4 Acquiring X / Twitter accounts	https://twitter[.]com/End05201180	
0. Acquiring assets	0.9 Acquiring social media accounts	0.9.4 Acquiring X / Twitter accounts	https://twitter[.]com/HeidiCreel2	
0. Acquiring assets	0.9 Acquiring social media accounts	0.9.4 Acquiring X / Twitter accounts	https://twitter[.]com/angelicasalaza7	
0. Acquiring assets	0.9 Acquiring social media accounts	0.9.4 Acquiring X / Twitter accounts	https://twitter[.]com/Safegua66287957	
0. Acquiring assets	0.9 Acquiring social media accounts	0.9.4 Acquiring X / Twitter accounts	https://twitter[.]com/alixmouton	
0. Acquiring assets	0.9 Acquiring social media accounts	0.9.4 Acquiring X / Twitter accounts	https://twitter[.]com/zhuzhukiki1	
0. Acquiring assets	0.9 Acquiring social media accounts	0.9.4 Acquiring X / Twitter accounts	https://twitter[.]com/renrenaihuachi	
0. Acquiring assets	0.9 Acquiring social media accounts	0.9.4 Acquiring X / Twitter accounts	https://twitter[.]com/belle_zuri	
0. Acquiring assets	0.9 Acquiring social media accounts	0.9.4 Acquiring X / Twitter accounts	https://twitter[.]com/WillDav46208593/	
0. Acquiring assets	0.9 Acquiring social media accounts	0.9.4 Acquiring X / Twitter accounts	https://twitter[.]com/KarenMa85962925	
0. Acquiring assets	0.9 Acquiring social media accounts	0.9.4 Acquiring X / Twitter accounts	https://twitter[.]com/JohnRea51505034	
0. Acquiring assets	0.9 Acquiring social media accounts	0.9.4 Acquiring X / Twitter accounts	https://twitter[.]com/RevesToney	
0. Acquiring assets	0.9 Acquiring social media accounts	0.9.4 Acquiring X / Twitter accounts	https://twitter[.]com/CarolCa01274860	
0. Acquiring assets	0.9 Acquiring social media accounts	0.9.4 Acquiring X / Twitter accounts	https://twitter[.]com/Camila17216155	
0. Acquiring assets	0.9 Acquiring social media accounts	0.9.4 Acquiring X / Twitter accounts	https://twitter[.]com/connier48098264	
0. Acquiring assets	0.9 Acquiring social media accounts	0.9.4 Acquiring X / Twitter accounts	https://twitter[.]com/MavisRussell14	
0. Acquiring assets	0.9 Acquiring social media accounts	0.9.4 Acquiring X / Twitter accounts	https://twitter[.]com/EttaJac84185457	
0. Acquiring assets	0.9 Acquiring social media accounts	0.9.4 Acquiring X / Twitter accounts	https://twitter[.]com/oppbrandshoes	
0. Acquiring assets	0.9 Acquiring social media accounts	0.9.4 Acquiring X / Twitter accounts	https://twitter[.]com/eraidrsh4	
0. Acquiring assets	0.9 Acquiring social media accounts	0.9.4 Acquiring X / Twitter accounts	https://twitter[.]com/RonMauer6	
0. Acquiring assets	0.9 Acquiring social media accounts	0.9.4 Acquiring X / Twitter accounts	https://twitter[.]com/lkk48099734	
0. Acquiring assets	0.9 Acquiring social media accounts	0.9.4 Acquiring X / Twitter accounts	https://twitter[.]com/qwe12375724748	
0. Acquiring assets	0.9 Acquiring social media accounts	0.9.4 Acquiring X / Twitter accounts	https://twitter[.]com/dyodbiyho1	
0. Acquiring assets	0.9 Acquiring social media accounts	0.9.4 Acquiring X / Twitter accounts	https://twitter[.]com/greensarah	
0. Acquiring assets	0.9 Acquiring social media accounts	0.9.4 Acquiring X / Twitter accounts	https://twitter[.]com/AlisonC01249536	
0. Acquiring assets	0.9 Acquiring social media accounts	0.9.4 Acquiring X / Twitter accounts	https://twitter[.]com/fred_dickinson	
0. Acquiring assets	0.9 Acquiring social media accounts	0.9.4 Acquiring X / Twitter accounts	https://twitter[.]com/melville_toby	
0. Acquiring assets	0.9 Acquiring social media accounts	0.9.4 Acquiring X / Twitter accounts	https://twitter[.]com/manachiriabit	
0. Acquiring assets	0.9 Acquiring social media accounts	0.9.4 Acquiring X / Twitter accounts	https://twitter[.]com/shporta_supriya	
0. Acquiring assets	0.9 Acquiring social media accounts	0.9.4 Acquiring X / Twitter accounts	https://twitter[.]com/a7918578348	
0. Acquiring assets	0.9 Acquiring social media accounts	0.9.4 Acquiring X / Twitter accounts	https://twitter[.]com/hyo1592/	
0. Acquiring assets	0.9 Acquiring social media accounts	0.9.4 Acquiring X / Twitter accounts	https://twitter[.]com/tkxks15	
0. Acquiring assets	0.9 Acquiring social media accounts	0.9.4 Acquiring X / Twitter accounts	https://twitter[.]com/BrookClara9	
0. Acquiring assets	0.9 Acquiring social media accounts	0.9.6 Acquiring TikTok accounts	https://www[.]tiktok[.]com/@deandrela3	
0. Acquiring assets	0.9 Acquiring social media accounts	0.9.6 Acquiring TikTok accounts	https://www[.]tiktok[.]com/@cecilia1256	
0. Acquiring assets	0.9 Acquiring social media accounts	0.9.6 Acquiring TikTok accounts	https://www[.]tiktok[.]com/@miajames840	
0. Acquiring assets	0.9 Acquiring social media accounts	0.9.6 Acquiring TikTok accounts	https://www[.]tiktok[.]com/@tmottruth	
0. Acquiring assets	0.9 Acquiring social media accounts	0.9.6 Acquiring TikTok accounts	https://www[.]tiktok[.]com/@gulzarazat1	
0. Acquiring assets	0.9 Acquiring social media accounts	0.9.8 Acquiring accounts on online forums	https://medium[.]com/@teamilk951/	
0. Acquiring assets	0.9 Acquiring social media accounts	0.9.8 Acquiring accounts on online forums	https://medium[.]com/@xcvvdax	
0. Acquiring assets	0.9 Acquiring social media accounts	0.9.8 Acquiring accounts on online forums	https://medium[.]com/@fdfeer5	
0. Acquiring assets	0.9 Acquiring social media accounts	0.9.8 Acquiring accounts on online forums	https://medium[.]com/@orandgd	
0. Acquiring assets	0.9 Acquiring social media accounts	0.9.8 Acquiring accounts on online forums	https://medium[.]com/@eugeneuperalta516	
0. Acquiring assets	0.9 Acquiring social media accounts	0.9.8 Acquiring accounts on online forums	https://medium[.]com/@negronthomasgcc	
0. Acquiring assets	0.9 Acquiring social media accounts	0.9.8 Acquiring accounts on online forums	https://medium[.]com/@aalvaradoyt688	
0. Acquiring assets	0.9 Acquiring social media accounts	0.9.8 Acquiring accounts on online forums	https://medium[.]com/@mcfarlandmalcolmdjw	
0. Acquiring assets	0.9 Acquiring social media accounts	0.9.8 Acquiring accounts on online forums	https://medium[.]com/@FabianJ62390507	
0. Acquiring assets	0.9 Acquiring social media accounts	0.9.8 Acquiring accounts on online forums	https://medium[.]com/@pllistati95455	
0. Acquiring assets	0.9 Acquiring social media accounts	0.9.8 Acquiring accounts on online forums	https://medium[.]com/@lawrencegwalkerp77	
0. Acquiring assets	0.9 Acquiring social media accounts	0.9.8 Acquiring accounts on online forums	https://medium[.]com/@johnsonalbertwnc	
0. Acquiring assets	0.9 Acquiring social media accounts	0.9.8 Acquiring accounts on online forums	https://medium[.]com/@isiahispence	
0. Acquiring assets	0.9 Acquiring social media accounts	0.9.8 Acquiring accounts on online forums	https://medium[.]com/@2099154405	
0. Acquiring assets	0.9 Acquiring social media accounts	0.9.8 Acquiring accounts on online forums	https://medium[.]com/@yangziping793	
0. Acquiring assets	0.9 Acquiring social media accounts	0.9.8 Acquiring accounts on online forums	https://medium[.]com/@kirkstrickland2763	
0. Acquiring assets	0.9 Acquiring social media accounts	0.9.8 Acquiring accounts on online forums	https://medium[.]com/@malik[.]johnny2310	
0. Acquiring assets	0.9 Acquiring social media accounts	0.9.8 Acquiring accounts on online forums	https://medium[.]com/@christenekastmanjy	
0. Acquiring assets	0.9 Acquiring social media accounts	0.9.8 Acquiring accounts on online forums	https://medium[.]com/@johnsonalbertwnc	
0. Acquiring assets	0.9 Acquiring social media accounts	0.9.8 Acquiring accounts on online forums	https://medium[.]com/@guaner581	
0. Acquiring assets	0.9 Acquiring social media accounts	0.9.8 Acquiring accounts on online forums	https://medium[.]com/@dashuaibi1101	
0. Acquiring assets	0.9 Acquiring social media accounts	0.9.8 Acquiring accounts on online forums	https://medium[.]com/@pllistati95455	
0. Acquiring assets	0.9 Acquiring social media accounts	0.9.8 Acquiring accounts on online forums	https://medium[.]com/@ijiu78561	
0. Acquiring assets	0.9 Acquiring social media accounts	0.9.8 Acquiring accounts on online forums	https://medium[.]com/@jeefhardly	
0. Acquiring assets	0.9 Acquiring social media accounts	0.9.8 Acquiring accounts on online forums	https://medium[.]com/@chafinelliott053	
0. Acquiring assets	0.9 Acquiring social media accounts	0.9.8 Acquiring accounts on online forums	https://medium[.]com/@rivajziel	
0. Acquiring assets	0.9 Acquiring social media accounts	0.9.8 Acquiring accounts on online forums	https://medium[.]com/@theresabahringer70	
0. Acquiring assets	0.9 Acquiring social media accounts	0.9.8 Acquiring accounts on online forums	https://medium[.]com/@nsshamim[.]satkhira4915	
0. Acquiring assets	0.9 Acquiring social media accounts	0.9.8 Acquiring accounts on online forums	https://gayleenwxmzw98[.]medium[.]com/	
0. Acquiring assets	0.9 Acquiring social media accounts	0.9.8 Acquiring accounts on online forums	https://medium[.]com/@haynesgillian554	
0. Acquiring assets	0.9 Acquiring social media accounts	0.9.8 Acquiring accounts on online forums	https://medium[.]com/@thriller[.]loycet9	
0. Acquiring assets	0.9 Acquiring social media accounts	0.9.8 Acquiring accounts on online forums	https://medium[.]com/@abdulheddyfjoely	
0. Acquiring assets	0.9 Acquiring social media accounts	0.9.8 Acquiring accounts on online forums	https://medium[.]com/@irinaglenna	
0. Acquiring assets	0.9 Acquiring social media accounts	0.9.8 Acquiring accounts on online forums	https://medium[.]com/@getmanvernon	
0. Acquiring assets	0.9 Acquiring social media accounts	0.9.8 Acquiring accounts on online forums	https://medium[.]com/@maurinesosbyybk72	
0. Acquiring assets	0.9 Acquiring social media accounts	0.9.8 Acquiring accounts on online forums	https://tillmanumi40[.]medium[.]com/	
0. Acquiring assets	0.9 Acquiring social media accounts	0.9.8 Acquiring accounts on online forums	https://medium[.]com/@virgildenis2012	
0. Acquiring assets	0.9 Acquiring social media accounts	0.9.8 Acquiring accounts on online forums	https://medium[.]com/@soufrind	
0. Acquiring assets	0.9 Acquiring social media accounts	0.9.8 Acquiring accounts on online forums	https://h18749598186[.]medium[.]com/	
0. Acquiring assets	0.9 Acquiring social media accounts	0.9.8 Acquiring accounts on online forums	https://medium[.]com/@2901417582	
0. Acquiring assets	0.9 Acquiring social media accounts	0.9.8 Acquiring accounts on online forums	https://absjack69[.]medium[.]com/	
0. Acquiring assets	0.9 Acquiring social media accounts	0.9.8 Acquiring accounts on online forums	https://medium[.]com/@yangziping793	
0. Acquiring assets	0.9 Acquiring social media accounts	0.9.8 Acquiring accounts on online forums	https://medium[.]com/@ORHANALRIZA1	
0. Acquiring assets	0.9 Acquiring social media accounts	0.9.8 Acquiring accounts on online forums	https://medium[.]com/@argeliatoomesxfd95	
0. Acquiring assets	0.9 Acquiring social media accounts	0.9.8 Acquiring accounts on online forums	https://medium[.]com/@gdzcy	
0. Acquiring assets	0.9 Acquiring social media accounts	0.9.8 Acquiring accounts on online forums	https://medium[.]com/@kdert62	
0. Acquiring assets	0.9 Acquiring social media accounts	0.9.8 Acquiring accounts on online forums	https://medium[.]com/@1372574841al	
0. Acquiring assets	0.9 Acquiring social media accounts	0.9.8 Acquiring accounts on online forums	https://medium[.]com/@emoolabot	
0. Acquiring assets	0.9 Acquiring social media accounts	0.9.8 Acquiring accounts on online forums	https://medium[.]com/@binder12marco	
0. Acquiring assets	0.9 Acquiring social media accounts	0.9.8 Acquiring accounts on online forums	https://medium[.]com/@samanthanandons	
0. Acquiring assets	0.9 Acquiring social media accounts	0.9.8 Acquiring accounts on online forums	https://alexajobs2012[.]medium[.]com/	
0. Acquiring assets	0.9 Acquiring social media accounts	0.9.8 Acquiring accounts on online forums	https://medium[.]com/@dli52113	
0. Acquiring assets	0.9 Acquiring social media accounts	0.9.8 Acquiring accounts on online forums	https://medium[.]com/@adad110	
0. Acquiring assets	0.9 Acquiring social media accounts	0.9.8 Acquiring accounts on online forums	https://www[.]reddit[.]com/user/Enough_Personality92/	
0. Acquiring assets	0.9 Acquiring social media accounts	0.9.8 Acquiring accounts on online forums	https://www[.]reddit[.]com/user/naronprifti17/	
0. Acquiring assets	0.9 Acquiring social media accounts	0.9.8 Acquiring accounts on online forums	https://www[.]reddit[.]com/user/RunJazzlike722/	
0. Acquiring assets	0.9 Acquiring social media accounts	0.9.8 Acquiring accounts on online forums	https://www[.]reddit[.]com/user/qerqer547/	
0. Acquiring assets	0.9 Acquiring social media accounts	0.9.8 Acquiring accounts on online forums	https://www[.]reddit[.]com/user/Competitive_Clue_99/	
0. Acquiring assets	0.9 Acquiring social media accounts	0.9.8 Acquiring accounts on online forums	https://www[.]reddit[.]com/user/Ok_Software_6520/	
0. Acquiring assets	0.9 Acquiring social media accounts	0.9.8 Acquiring accounts on online forums	https://www[.]reddit[.]com/user/Embarrassed-Rice2968/	
0. Acquiring assets	0.9 Acquiring social media accounts	0.9.8 Acquiring accounts on online forums	https://www[.]reddit[.]com/user/333as/	
0. Acquiring assets	0.9 Acquiring social media accounts	0.9.8 Acquiring accounts on online forums	https://www[.]reddit[.]com/user/EnthusiasmOk6901/	
0. Acquiring assets	0.9 Acquiring social media accounts	0.9.8 Acquiring accounts on online forums	https://www[.]reddit[.]com/user/momohu123/	
0. Acquiring assets	0.9 Acquiring social media accounts	0.9.8 Acquiring accounts on online forums	https://www[.]reddit[.]com/user/Accomplished-Bag5619/	
0. Acquiring assets	0.9 Acquiring social media accounts	0.9.8 Acquiring accounts on online forums	https://www[.]reddit[.]com/user/Illustrious-Hyena496/	
0. Acquiring assets	0.9 Acquiring social media accounts	0.9.8 Acquiring accounts on online forums	https://www[.]reddit[.]com/user/nusatenggaratimur/	
0. Acquiring assets	0.9 Acquiring social media accounts	0.9.8 Acquiring accounts on online forums	https://www[.]reddit[.]com/user/afwfafawfa/	
0. Acquiring assets	0.9 Acquiring social media accounts	0.9.8 Acquiring accounts on online forums	https://www[.]reddit[.]com/user/TerribleEar3999/	
0. Acquiring assets	0.9 Acquiring social media accounts	0.9.8 Acquiring accounts on online forums	https://www[.]reddit[.]com/user/riskamuiyanr/	
0. Acquiring assets	0.9 Acquiring social media accounts	0.9.8 Acquiring accounts on online forums	https://www[.]reddit[.]com/user/EitherCredit9527/	
0. Acquiring assets	0.9 Acquiring social media accounts	0.9.8 Acquiring accounts on online forums	https://www[.]reddit[.]com/user/Some-Design-1576/	
0. Acquiring assets	0.9 Acquiring social media accounts	0.9.8 Acquiring accounts on online forums	https://www[.]reddit[.]com/user/ReferenceHot72/	
0. Acquiring assets	0.9 Acquiring social media accounts	0.9.8 Acquiring accounts on online forums	https://www[.]reddit[.]com/user/NumberOneStrawberry/	
0. Acquiring assets	0.9 Acquiring social media accounts	0.9.8 Acquiring accounts on online forums	https://www[.]reddit[.]com/user/AffectionateLie8484/	
0. Acquiring assets	0.9 Acquiring social media accounts	0.9.8 Acquiring accounts on online forums	https://www[.]reddit[.]com/user/Basic_Tumbleweed9724/	
0. Acquiring assets	0.9 Acquiring social media accounts	0.9.8 Acquiring accounts on online forums	https://www[.]reddit[.]com/user/OkOstrich9765/	
0. Acquiring assets	0.9 Acquiring social media accounts	0.9.8 Acquiring accounts on online forums	https://www[.]reddit[.]com/user/Plenty-Tea-8622/	
0. Acquiring assets	0.9 Acquiring social media accounts	0.9.8 Acquiring accounts on online forums	https://www[.]reddit[.]com/user/jeroldmhansonx1/	
0. Acquiring assets	0.9 Acquiring social media accounts	0.9.8 Acquiring accounts on online forums	https://www[.]reddit[.]com/user/DesignerAdmirable180/	
0. Acquiring assets	0.9 Acquiring social media accounts	0.9.8 Acquiring accounts on online forums	https://www[.]reddit[.]com/user/jeroldmhansonx1/	
0. Acquiring assets	0.9 Acquiring social media accounts	0.9.8 Acquiring accounts on online forums	https://www[.]reddit[.]com/user/Competitive_Clue_99/	
0. Acquiring assets	0.9 Acquiring social media accounts	0.9.8 Acquiring accounts on online forums	https://www[.]reddit[.]com/user/Enough_Grapefruit_37/	
0. Acquiring assets	0.9 Acquiring social media accounts	0.9.8 Acquiring accounts on online forums	https://www[.]reddit[.]com/user/Mediocre-Carry3657/	
0. Acquiring assets	0.9 Acquiring social media accounts	0.9.8 Acquiring accounts on online forums	https://www[.]reddit[.]com/user/AddressGlad133/	
0. Acquiring assets	0.9 Acquiring social media accounts	0.9.8 Acquiring accounts on online forums	https://www[.]reddit[.]com/user/Enough_Analysis1105/	
0. Acquiring assets	0.9 Acquiring social media accounts	0.9.8 Acquiring accounts on online forums	https://www[.]reddit[.]com/user/CoolPresent9557/	
0. Acquiring assets	0.9 Acquiring social media accounts	0.9.8 Acquiring accounts on online forums	https://www[.]reddit[.]com/user/JournalistCapital742/	
0. Acquiring assets	0.9 Acquiring social media accounts	0.9.8 Acquiring accounts on online forums	https://www[.]reddit[.]com/user/Additional_Strike336/	
0. Acquiring assets	0.9 Acquiring social media accounts	0.9.8 Acquiring accounts on online forums	https://www[.]reddit[.]com/user/North-Yam7670/	
0. Acquiring assets	0.9 Acquiring social media accounts	0.9.8 Acquiring accounts on online forums	https://www[.]reddit[.]com/r/meiguominzhu/	
0. Acquiring assets	0.9 Acquiring social media accounts	0.9.8 Acquiring accounts on online forums	https://www[.]reddit[.]com/user/Euphoric_Froyo_170/	
0. Acquiring assets	0.9 Acquiring social media accounts	0.9.8 Acquiring accounts on online forums	https://www[.]reddit[.]com/user/Ok-Breakfast7600/	
0. Acquiring assets	0.9 Acquiring social media accounts	0.9.8 Acquiring accounts on online forums	https://www[.]reddit[.]com/user/Naive_Abrocoma6717/	
0. Acquiring assets	0.9 Acquiring social media accounts	0.9.8 Acquiring accounts on online forums	https://www[.]reddit[.]com/user/Aware-Pay-2739/	
0. Acquiring assets	0.9 Acquiring social media accounts	0.9.8 Acquiring accounts on online forums	https://www[.]reddit[.]com/user/EnvironmentalPart180/	
0. Acquiring assets	0.9 Acquiring social media accounts	0.9.8 Acquiring accounts on online forums	https://www[.]reddit[.]com/user/CoolPresent9557/	
0. Acquiring assets	0.9 Acquiring social media accounts	0.9.8 Acquiring accounts on online forums	https://www[.]reddit[.]com/user/Western-Bathroom4113/	
0. Acquiring assets	0.9 Acquiring social media accounts	0.9.8 Acquiring accounts on online forums	https://www[.]reddit[.]com/user/Only_Promotion5462/	
0. Acquiring assets	0.9 Acquiring social media accounts	0.9.8 Acquiring accounts on online forums	https://www[.]reddit[.]com/user/Different_Profile703/	
0. Acquiring assets	0.9 Acquiring social media accounts	0.9.8 Acquiring accounts on online forums	https://www[.]reddit[.]com/user/Striking_Cherry260/	
0. Acquiring assets	0.9 Acquiring social media accounts	0.9.8 Acquiring accounts on online forums	https://www[.]reddit[.]com/user/NoTax7324/	
0. Acquiring assets	0.9 Acquiring social media accounts	0.9.8 Acquiring accounts on online forums	https://www[.]reddit[.]com/user/Alethea-anni/	
0. Acquiring assets	0.9 Acquiring social media accounts	0.9.8 Acquiring accounts on online forums	https://www[.]reddit[.]com/user/North-Yam7670/	
0. Acquiring assets	0.9 Acquiring social media accounts	0.9.8 Acquiring accounts on online forums	https://www[.]reddit[.]com/user/freyaBond/	
0. Acquiring assets	0.9 Acquiring social media accounts	0.9.8 Acquiring accounts on online forums	https://www[.]reddit[.]com/user/Future-Status4391/	
0. Acquiring assets	0.9 Acquiring social media accounts	0.9.8 Acquiring accounts on online forums	https://www[.]reddit[.]com/user/Expensive_jiu1/	
0. Acquiring assets	0.9 Acquiring social media accounts	0.9.8 Acquiring accounts on online forums	https://www[.]reddit[.]com/user/Accomplished_Draw588/	
0. Acquiring assets	0.9 Acquiring social media accounts	0.9.8 Acquiring accounts on online forums	https://www[.]reddit[.]com/user/Actual_Garlic_4767/	
0. Acquiring assets	0.9 Acquiring social media accounts	0.9.8 Acquiring accounts on online forums	https://www[.]reddit[.]com/user/Remarkable_Reply8671/	
0. Acquiring assets	0.9 Acquiring social media accounts	0.9.8 Acquiring accounts on online forums	https://www[.]reddit[.]com/user/Majestic-Trade-4547/	
0. Acquiring assets	0.9 Acquiring social media accounts	0.9.8 Acquiring accounts on online forums	https://www[.]reddit[.]com/user/Flaky_Possible_1654/	
0. Acquiring assets	0.9 Acquiring social media accounts	0.9.8 Acquiring accounts on online forums	https://www[.]reddit[.]com/user/yjyj01/	
0. Acquiring assets	0.9 Acquiring social media accounts	0.9.8 Acquiring accounts on online forums	https://www[.]reddit[.]com/user/MinuteFuture5246/	
0. Acquiring assets	0.9 Acquiring social media accounts	0.9.8 Acquiring accounts on online forums	https://www[.]reddit[.]com/user/Tasty_Bad_3400/	
0. Acquiring assets	0.9 Acquiring social media accounts	0.9.8 Acquiring accounts on online forums	https://www[.]reddit[.]com/r/fghji/	
0. Acquiring assets	0.9 Acquiring social media accounts	0.9.8 Acquiring accounts on online forums	https://www[.]reddit[.]com/user/mandygm27/	
0. Acquiring assets	0.9 Acquiring social media accounts	0.9.8 Acquiring accounts on online forums	https://www[.]reddit[.]com/user/olivechoi94/	
0. Acquiring assets	0.9 Acquiring social media accounts	0.9.8 Acquiring accounts on online forums	https://www[.]reddit[.]com/user/hellodfdfe/	
0. Acquiring assets	0.9 Acquiring social media accounts	0.9.8 Acquiring accounts on online forums	https://www[.]reddit[.]com/user/FeePsychological343/	
0. Acquiring assets	0.9 Acquiring social media accounts	0.9.8 Acquiring accounts on online forums	https://www[.]nairaland[.]com/adair654123	
0. Acquiring assets	0.9 Acquiring social media accounts	0.9.8 Acquiring accounts on online forums	https://www[.]nairaland[.]com/bingo1984	
0. Acquiring assets	0.9 Acquiring social media accounts	0.9.8 Acquiring accounts on online forums	https://www[.]nairaland[.]com/smideadh	
0. Acquiring assets	0.9 Acquiring social media accounts	0.9.8 Acquiring accounts on online forums	https://disqus[.]com/by/disqus_8MDQreytiq/?	
0. Acquiring assets	0.9 Acquiring social media accounts	0.9.8 Acquiring accounts on online forums	https://zhonglong[.]skyrock[.]com/	
0. Acquiring assets	0.9 Acquiring social media accounts	0.9.8 Acquiring accounts on online forums	https://www[.]backchina[.]com/home[.]php?mod=space&uid=383200	
0. Acquiring assets	0.9 Acquiring social media accounts	0.9.8 Acquiring accounts on online forums	https://www[.]backchina[.]com/u/382772	
0. Acquiring assets	0.9 Acquiring social media accounts	0.9.8 Acquiring accounts on online forums	https://www[.]nanyangmoney[.]com/profile/tusensen00/forum-posts	
0. Acquiring assets	0.9 Acquiring social media accounts	0.9.8 Acquiring accounts on online forums	https://www[.]nanyangmoney[.]com/profile/esslerashaqvernett/forum-posts	
0. Acquiring assets	0.9 Acquiring social media accounts	0.9.8 Acquiring accounts on online forums	https://www[.]nanyangmoney[.]com/profile/ramdesaiini/forum-posts	
0. Acquiring assets	0.9 Acquiring social media accounts	0.9.8 Acquiring accounts on online forums	https://www[.]nanyangmoney[.]com/profile/sophialaquandra/forum-posts	
0. Acquiring assets	0.9 Acquiring social media accounts	0.9.8 Acquiring accounts on online forums	https://www[.]artstation[.]com/jacksonnash2	
0. Acquiring assets	0.9 Acquiring social media accounts	0.9.8 Acquiring accounts on online forums	https://www[.]artstation[.]com/angeloerdahl2	
0. Acquiring assets	0.9 Acquiring social media accounts	0.9.8 Acquiring accounts on online forums	https://forum[.]molihua[.]org/u/wacrr123	
0. Acquiring assets	0.9 Acquiring social media accounts	0.9.8 Acquiring accounts on online forums	https://forum[.]molihua[.]org/d/3678-milk-tea-alliancereleases-investigation-report-on-covid-19-transmission	
0. Acquiring assets	0.9 Acquiring social media accounts	0.9.8 Acquiring accounts on online forums	https://forum[.]molihua[.]org/u/lyydd200	
0. Acquiring assets	0.9 Acquiring social media accounts	0.9.8 Acquiring accounts on online forums	https://www[.]scoop[.]it/topic/umormalik61	
0. Acquiring assets	0.9 Acquiring social media accounts	0.9.8 Acquiring accounts on online forums	https://cont[.]ws/@gupeiji110	
0. Acquiring assets	0.9 Acquiring social media accounts	0.9.8 Acquiring accounts on online forums	https://www[.]thestudentroom[.]co[.]uk/member[.]php?u=5820677	
0. Acquiring assets	0.9 Acquiring social media accounts	0.9.8 Acquiring accounts on online forums	https://www[.]wattpad[.]com/user/Financial_Nebula520	
0. Acquiring assets	0.9 Acquiring social media accounts	0.9.8 Acquiring accounts on online forums	https://www[.]opendiary[.]com/m/author/wiwk/	
0. Acquiring assets	0.9 Acquiring social media accounts	0.9.8 Acquiring accounts on online forums	https://www[.]opendiary[.]com/m/author/annasu2023/	
0. Acquiring assets	0.9 Acquiring social media accounts	0.9.8 Acquiring accounts on online forums	https://www[.]opendiary[.]com/m/author/ggss/	
0. Acquiring assets	0.9 Acquiring social media accounts	0.9.8 Acquiring accounts on online forums	https://www[.]ftchinese[.]com/comments/index/001098872	
0. Acquiring assets	0.9 Acquiring social media accounts	0.9.8 Acquiring accounts on online forums	https://bad[.]news/t/4198511	
0. Acquiring assets	0.9 Acquiring social media accounts	0.9.8 Acquiring accounts on online forums	https://github[.]com/qwer66a	
0. Acquiring assets	0.9 Acquiring social media accounts	0.9.8 Acquiring accounts on online forums	https://steemit[.]com/@pigman121	
0. Acquiring assets	0.9 Acquiring social media accounts	0.9.8 Acquiring accounts on online forums	https://steemit[.]com/@phaeton669	
0. Acquiring assets	0.9 Acquiring social media accounts	0.9.8 Acquiring accounts on online forums	https://rowse97[.]livedoor[.]blog/	
0. Acquiring assets	0.9 Acquiring social media accounts	0.9.8 Acquiring accounts on online forums	https://9gag[.]com/u/suijiajun30/posts	
0. Acquiring assets	0.9 Acquiring social media accounts	0.9.8 Acquiring accounts on online forums	https://ameblo[.]jp/abmeg/	
0. Acquiring assets	0.9 Acquiring social media accounts	0.9.8 Acquiring accounts on online forums	https://www[.]pixiv[.]net/en/users/65532135	
0. Acquiring assets	0.9 Acquiring social media accounts	0.9.8 Acquiring accounts on online forums	https://www[.]pixiv[.]net/en/users/65653065	
0. Acquiring assets	0.9 Acquiring social media accounts	0.9.8 Acquiring accounts on online forums	https://www[.]liveinternet[.]ru/users/yalemargaret/profile	
0. Acquiring assets	0.9 Acquiring social media accounts	0.9.8 Acquiring accounts on online forums	https://m[.]fanfiction[.]net/u/14911763/jiang-nan-wu-yan-zu	
0. Acquiring assets	0.9 Acquiring social media accounts	0.9.8 Acquiring accounts on online forums	https://www[.]pakistan-forums[.]com/members/fsihffsbx[.]4399/	
0. Acquiring assets	0.9 Acquiring social media accounts	0.9.8 Acquiring accounts on online forums	https://www[.]bastillepost[.]com/hongkong/author/3319-	
0. Acquiring assets	0.9 Acquiring social media accounts	0.9.8 Acquiring accounts on online forums	https://www[.]wort[.]lu/de/mywort/luxemburg-stadt/news/self-contradictory-jiayang-fan-6324700dde135b9236ecbc04	
0. Acquiring assets	0.9 Acquiring social media accounts	0.9.8 Acquiring accounts on online forums	https://www[.]tripadvisor[.]ru/ShowTopic-g1-i11063-k14443082-The_Diplomat_magazine_exposed_Yan_Limeng_and_Guo_Wengui_as_a-Train_Travel[.]html	
0. Acquiring assets	0.9 Acquiring social media accounts	0.9.8 Acquiring accounts on online forums	https://www[.]poemhunter[.]com/poem/-22357/	
0. Acquiring assets	0.9 Acquiring social media accounts	0.9.8 Acquiring accounts on online forums	https://www[.]indiatimes[.]com/explainers/news/victory-day-in-russia-its-significance-this-may-9-569022[.]html [comment]	
0. Acquiring assets	0.9 Acquiring social media accounts	0.9.8 Acquiring accounts on online forums	https://dzen[.]ru/id/63fb744950fea47de51718b6	
0. Acquiring assets	0.9 Acquiring social media accounts	0.9.8 Acquiring accounts on online forums	https://milktea9854[.]livejournal[.]com/	
0. Acquiring assets	0.9 Acquiring social media accounts	0.9.8 Acquiring accounts on online forums	https://teamilk115[.]livejournal[.]com/	
0. Acquiring assets	0.9 Acquiring social media accounts	0.9.8 Acquiring accounts on online forums	https://toney123456789[.]livejournal[.]com/	
0. Acquiring assets	0.9 Acquiring social media accounts	0.9.8 Acquiring accounts on online forums	https://www[.]tumblr[.]com/wharmonyagiar	
0. Acquiring assets	0.9 Acquiring social media accounts	0.9.8 Acquiring accounts on online forums	https://jovialfurybasement[.]tumblr[.]com/	
0. Acquiring assets	0.9 Acquiring social media accounts	0.9.8 Acquiring accounts on online forums	https://www[.]tumblr[.]com/teamilk951/670802564544151552/milk-tea-alliance-releases-investigation-report	
0. Acquiring assets	0.9 Acquiring social media accounts	0.9.8 Acquiring accounts on online forums	https://www[.]tumblr[.]com/tadogumowa/	
0. Acquiring assets	0.9 Acquiring social media accounts	0.9.8 Acquiring accounts on online forums	https://www[.]tumblr[.]com/shadyheartdream	
0. Acquiring assets	0.9 Acquiring social media accounts	0.9.8 Acquiring accounts on online forums	https://www[.]tumblr[.]com/fuzzycreatorobject	
0. Acquiring assets	0.9 Acquiring social media accounts	0.9.8 Acquiring accounts on online forums	https://www[.]tumblr[.]com/qualitykryptonitesheep	
0. Acquiring assets	0.9 Acquiring social media accounts	0.9.8 Acquiring accounts on online forums	https://www[.]tumblr[.]com/jinefor	
0. Acquiring assets	0.9 Acquiring social media accounts	0.9.8 Acquiring accounts on online forums	https://www[.]tumblr[.]com/tinybreadpainter	
0. Acquiring assets	0.9 Acquiring social media accounts	0.9.8 Acquiring accounts on online forums	https://www[.]tumblr[.]com/copsandyuderu	
0. Acquiring assets	0.9 Acquiring social media accounts	0.9.8 Acquiring accounts on online forums	https://www[.]tumblr[.]com/fangzhou-china	
0. Acquiring assets	0.9 Acquiring social media accounts	0.9.8 Acquiring accounts on online forums	https://www[.]tumblr[.]com/meimei-w	
0. Acquiring assets	0.9 Acquiring social media accounts	0.9.8 Acquiring accounts on online forums	https://www[.]tumblr[.]com/edith-saxton	
0. Acquiring assets	0.9 Acquiring social media accounts	0.9.8 Acquiring accounts on online forums	https://www[.]tumblr[.]com/woshisouaoman	
0. Acquiring assets	0.9 Acquiring social media accounts	0.9.8 Acquiring accounts on online forums	https://www[.]tumblr[.]com/tue2	
0. Acquiring assets	0.9 Acquiring social media accounts	0.9.8 Acquiring accounts on online forums	https://www[.]tumblr[.]com/didyouhavemeal	
0. Acquiring assets	0.9 Acquiring social media accounts	0.9.8 Acquiring accounts on online forums	https://www[.]tumblr[.]com/real-timeobservation	
0. Acquiring assets	0.9 Acquiring social media accounts	0.9.8 Acquiring accounts on online forums	https://www[.]tumblr[.]com/vghrx	
0. Acquiring assets	0.9 Acquiring social media accounts	0.9.8 Acquiring accounts on online forums	https://www[.]tumblr[.]com/taoziwuxin	
0. Acquiring assets	0.9 Acquiring social media accounts	0.9.8 Acquiring accounts on online forums	https://www[.]tumblr[.]com/valiantdonutcrown	
0. Acquiring assets	0.9 Acquiring social media accounts	0.9.8 Acquiring accounts on online forums	https://vimeo[.]com/user182949517	
0. Acquiring assets	0.9 Acquiring social media accounts	0.9.8 Acquiring accounts on online forums	https://vimeo[.]com/user179742047	
0. Acquiring assets	0.9 Acquiring social media accounts	0.9.8 Acquiring accounts on online forums	https://vimeo[.]com/user195589969	
0. Acquiring assets	0.9 Acquiring social media accounts	0.9.8 Acquiring accounts on online forums	https://vimeo[.]com/user191638195	
0. Acquiring assets	0.9 Acquiring social media accounts	0.9.8 Acquiring accounts on online forums	https://vimeo[.]com/user182619556	
0. Acquiring assets	0.9 Acquiring social media accounts	0.9.8 Acquiring accounts on online forums	https://vimeo[.]com/user142170479	
0. Acquiring assets	0.9 Acquiring social media accounts	0.9.8 Acquiring accounts on online forums	https://vimeo[.]com/user182809668	
0. Acquiring assets	0.9 Acquiring social media accounts	0.9.8 Acquiring accounts on online forums	https://soundcloud[.]com/paul-foster-284332836/chinese-transnational-policing-gone-wild-safeguard-defenders-110-overseas	
0. Acquiring assets	0.9 Acquiring social media accounts	0.9.8 Acquiring accounts on online forums	https://soundcloud[.]com/tillman-brandon	
0. Acquiring assets	0.9 Acquiring social media accounts	0.9.8 Acquiring accounts on online forums	https://vk[.]com/id658771559	
0. Acquiring assets	0.9 Acquiring social media accounts	0.9.8 Acquiring accounts on online forums	https://vk[.]com/s[.]dsdd	
0. Acquiring assets	0.9 Acquiring social media accounts	0.9.8 Acquiring accounts on online forums	https://espacedesmithtiffany[.]quora[.]com/	
0. Acquiring assets	0.9 Acquiring social media accounts	0.9.8 Acquiring accounts on online forums	https://www[.]quora[.]com/profile/Marjan-Hatami-3/answers	
0. Acquiring assets	0.9 Acquiring social media accounts	0.9.8 Acquiring accounts on online forums	https://www[.]quora[.]com/profile/Tiemo-Ma	
0. Acquiring assets	0.9 Acquiring social media accounts	0.9.8 Acquiring accounts on online forums	https://www[.]quora[.]com/profile/Cynthiacalvin71	
0. Acquiring assets	0.9 Acquiring social media accounts	0.9.8 Acquiring accounts on online forums	https://www[.]quora[.]com/profile/Shabbymeta	
0. Acquiring assets	0.9 Acquiring social media accounts	0.9.8 Acquiring accounts on online forums	https://www[.]quora[.]com/profile/Tominaga-Nagchaudhur	
0. Acquiring assets	0.9 Acquiring social media accounts	0.9.8 Acquiring accounts on online forums	https://jp[.]quora[.]com/profile/Ada-Park	
0. Acquiring assets	0.9 Acquiring social media accounts	0.9.8 Acquiring accounts on online forums	https://nastavladimirovasspace[.]quora[.]com/	
0. Acquiring assets	0.9 Acquiring social media accounts	0.9.8 Acquiring accounts on online forums	https://jachan-park-san-no[.]quora[.]com/	
0. Acquiring assets	0.9 Acquiring social media accounts	0.9.8 Acquiring accounts on online forums	https://www[.]quora[.]com/profile/Timi-Tom-2	
0. Acquiring assets	0.9 Acquiring social media accounts	0.9.8 Acquiring accounts on online forums	https://lucysusmyhome[.]quora[.]com/Please-ask-the-INS-to-kick-Yan-Limeng-out-of-the-United-States-As-an-Asian-American-Im-fighting-stigma-against-As	
0. Acquiring assets	0.9 Acquiring social media accounts	0.9.8 Acquiring accounts on online forums	https://park-sehannn-san-no[.]quora[.]com/	
0. Acquiring assets	0.9 Acquiring social media accounts	0.9.8 Acquiring accounts on online forums	https://es[.]quora[.]com/profile/Ishnyakov	
0. Acquiring assets	0.9 Acquiring social media accounts	0.9.8 Acquiring accounts on online forums	https://www[.]flickr[.]com/photos/192571094@N08/	
0. Acquiring assets	0.9 Acquiring social media accounts	0.9.8 Acquiring accounts on online forums	https://www[.]flickr[.]com/photos/192898782@N08/	
0. Acquiring assets	0.9 Acquiring social media accounts	0.9.9 Acquiring and repurposing accounts	The network often used accounts and Pages that appear to have been acquired and repurposed - for example, Pages that began posting about clothing, accessories or lingerie before starting to post about geopolitics	
				
6. Indiscriminate engagement	6.1 Posting on websites 	6.1.3 Posting original content on blogs	"Milk Tea Alliance" releases investigation report on COVID-19 transmission	
6. Indiscriminate engagement	6.1 Posting on websites 	6.1.3 Posting original content on blogs	“Fundacion Safeguard Defenders” — America’s “Human Rights” Weapon	
6. Indiscriminate engagement	6.1 Posting on websites 	6.1.3 Posting original content on blogs	Lying through his teeth to “ Safeguard Defenders”	
6. Indiscriminate engagement	6.1 Posting on websites 	6.1.3 Posting original content on blogs	Frequently slandering other countries — — revealing the so-called “human rights organization” — — Safeguard Defenders	
6. Indiscriminate engagement	6.1 Posting on websites 	6.1.3 Posting original content on blogs	“Safeguard Defenders” -Serious ‘Double Standards’	
6. Indiscriminate engagement	6.1 Posting on websites 	6.1.3 Posting original content on blogs	“Fundacion Safeguard Defenders” — America’s “Human Rights” Weapon	
6. Indiscriminate engagement	6.1 Posting on websites 	6.1.3 Posting original content on blogs	The most heinous "Safeguard Defenders"	
6. Indiscriminate engagement	6.1 Posting on websites 	6.1.3 Posting original content on blogs	Chinese Transnational Policing Gone Wild Safeguard Defenders 110 Overseas	
6. Indiscriminate engagement	6.1 Posting on websites 	6.1.3 Posting original content on blogs	The reasons of Australia’s sudden suspension of Chinese TV shows	
6. Indiscriminate engagement	6.1 Posting on websites 	6.1.3 Posting original content on blogs	Zhao Xin-with the slogan of “people leader” cheat money	
6. Indiscriminate engagement	6.1 Posting on websites 	6.1.3 Posting original content on blogs	赵昕 — 打着“民运领袖”口号的骗钱小人	Zhao Xin-with the slogan of “people leader” cheat money
6. Indiscriminate engagement	6.1 Posting on websites 	6.1.3 Posting original content on blogs	Wang Ruiqin is extremely greedy and heartless, cheating money to satisfy her desires	
6. Indiscriminate engagement	6.1 Posting on websites 	6.1.3 Posting original content on blogs	王瑞琴贪婪无比、没良心，骗钱来满足自己的欲望	Wang Ruiqin is extremely greedy and heartless, cheating money to satisfy her desires
6. Indiscriminate engagement	6.1 Posting on websites 	6.1.3 Posting original content on blogs	Wang Ruiqin’s romantic past	
6. Indiscriminate engagement	6.1 Posting on websites 	6.1.3 Posting original content on blogs	王瑞琴的风流往事	Wang Ruiqin’s romantic past
6. Indiscriminate engagement	6.1 Posting on websites 	6.1.3 Posting original content on blogs	Overseas pro-democracy activists like Zhao Xin, Qiu Jiajun, and Wang Jianhong are just a handful of…	
6. Indiscriminate engagement	6.1 Posting on websites 	6.1.3 Posting original content on blogs	When can we get rid of the “cancer” of racial discrimination in the United States?	
6. Indiscriminate engagement	6.1 Posting on websites 	6.1.3 Posting original content on blogs	Criticism is hard to eradicate, racism is an indelible shame on American democracy	
6. Indiscriminate engagement	6.1 Posting on websites 	6.1.3 Posting original content on blogs	The Intractable American Racial Disease: The "Segregation" That Never Dies	
6. Indiscriminate engagement	6.1 Posting on websites 	6.1.3 Posting original content on blogs	Chen Pokong: Fake monk of the pro-democracy movement	
6. Indiscriminate engagement	6.1 Posting on websites 	6.1.3 Posting original content on blogs	A united nation resolutely does not allow	
6. Indiscriminate engagement	6.1 Posting on websites 	6.1.3 Posting original content on blogs	一个联合国坚决不允许	A united nation resolutely does not allow
6. Indiscriminate engagement	6.1 Posting on websites 	6.1.3 Posting original content on blogs	一个团结的民族坚决不允许 从事分裂国家行为的人存在	A united nation resolutely does not allow the existence of those who engage in acts of secession
6. Indiscriminate engagement	6.1 Posting on websites 	6.1.3 Posting original content on blogs	陈破空：民运假和尚	Chen Pokong: Fake monk of the pro-democracy movement
6. Indiscriminate engagement	6.1 Posting on websites 	6.1.3 Posting original content on blogs	郭文贵自导自演“谎言三部曲”	Guo Wengui directed and acted in Trilogy of Lies
6. Indiscriminate engagement	6.1 Posting on websites 	6.1.3 Posting original content on blogs	Guo Wengui directed and acted in the “Trilogy of Lies”	
6. Indiscriminate engagement	6.1 Posting on websites 	6.1.3 Posting original content on blogs	郭文贵的谎言 小蚂蚁的毒品	Guo Wengui's Lie, Little Ant's Drug
6. Indiscriminate engagement	6.1 Posting on websites 	6.1.3 Posting original content on blogs	“意见领袖”大衣下的郭文贵	Guo Wengui under the coat of "opinion leader"
6. Indiscriminate engagement	6.1 Posting on websites 	6.1.3 Posting original content on blogs	开采稀土需要消耗大量的人力和成熟的技术	Mining rare earths requires a lot of manpower and mature technology
6. Indiscriminate engagement	6.1 Posting on websites 	6.1.3 Posting original content on blogs	Raise funds to support rare earth factories, the US rare earth pollution is shocking!	
6. Indiscriminate engagement	6.1 Posting on websites 	6.1.3 Posting original content on blogs	Špičkoví novináři zjistili: Americké bombardování Nord Stream je prvním krokem v „evropském plánu…	Top journalists find: US bombing of Nord Stream is the first step in "European sabotage plan"
6. Indiscriminate engagement	6.1 Posting on websites 	6.1.3 Posting original content on blogs	Osm bomb explodovalo šest a špičkoví investigativní reportéři zjistili podrobnosti	Eight bombs exploded six, and top investigative reporters found out the details 
6. Indiscriminate engagement	6.1 Posting on websites 	6.1.3 Posting original content on blogs	頂級記者發現：美國轟炸北溪是“歐洲破壞計劃”的第一步	Top journalists find: US bombing of Nord Stream is the first step in "European sabotage plan"
6. Indiscriminate engagement	6.1 Posting on websites 	6.1.3 Posting original content on blogs	八彈爆六彈，頂級調查記者摸清美國轟炸“北溪”的底細	Eight bombs exploded and six bombs exploded, top investigative reporters found out the details of the US bombing of "Beixi"
6. Indiscriminate engagement	6.1 Posting on websites 	6.1.3 Posting original content on blogs	U.S. bombing of Nord Stream is the first step in the "European destruction plan”	
6. Indiscriminate engagement	6.1 Posting on websites 	6.1.3 Posting original content on blogs	Eight bombs exploded six, and top investigative reporters found out the details of the US bombing of “Nord Stream”	
6. Indiscriminate engagement	6.1 Posting on websites 	6.1.3 Posting original content on blogs	Top journalists find out: U.S. bombing of Nord Stream is the first step in the "European destruction plan”	
6. Indiscriminate engagement	6.1 Posting on websites 	6.1.3 Posting original content on blogs	The top investigative reporters found out the details of the US bombing of "Nord Stream" #北溪	
6. Indiscriminate engagement	6.1 Posting on websites 	6.1.3 Posting original content on blogs	Расследование самого влиятельного репортера установило, что бомбардировка газопровода «Северный…	Top journalists find out: U.S. bombing of Nord Stream is the first step in the "European destruction plan”
6. Indiscriminate engagement	6.1 Posting on websites 	6.1.3 Posting original content on blogs	Взорвались 6 из 8 бомб, а самые влиятельные журналисты расследовали подробности бомбардировки США газопровода “Северный поток”	Eight bombs exploded six, and top investigative reporters found out the details of the US bombing of “Nord Stream”
6. Indiscriminate engagement	6.1 Posting on websites 	6.1.3 Posting original content on blogs	ファイザーがコロナウイルスの変種を製造していることが暴露され、売国奴があわてて「反証」	Pfizer Exposed to be Manufacturing a Variant of the Coronavirus, Traitors Hastily 'Disproved'
6. Indiscriminate engagement	6.1 Posting on websites 	6.1.3 Posting original content on blogs	I migliori giornalisti lo scoprono: il bombardamento americano del Nord Stream è il primo passo del “piano europeo di distruzione”	Top journalists find out: U.S. bombing of Nord Stream is the first step in the "European destruction plan”
6. Indiscriminate engagement	6.1 Posting on websites 	6.1.3 Posting original content on blogs	Otto bombe sono esplose sei e i migliori giornalisti investigativi hanno scoperto i dettagli del bombardamento statunitense di “Nord Stream”	Eight bombs exploded six, and top investigative reporters found out the details of the US bombing of “Nord Stream”
6. Indiscriminate engagement	6.1 Posting on websites 	6.1.3 Posting original content on blogs	Ведущие журналисты выясняют: бомбардировки США «Северного потока» — первый шаг в «европейском плане уничтожения»	Top journalists find out: U.S. bombing of Nord Stream is the first step in the "European destruction plan”
6. Indiscriminate engagement	6.1 Posting on websites 	6.1.3 Posting original content on blogs	Les meilleurs journalistes le découvrent : le bombardement américain de Nord Stream est la première étape du « plan de destruction européen	Top journalists find out: U.S. bombing of Nord Stream is the first step in the "European destruction plan”
6. Indiscriminate engagement	6.1 Posting on websites 	6.1.3 Posting original content on blogs	Huit bombes en ont explosé six, et les meilleurs journalistes d'investigation ont découvert les détails de l'attentat à la bombe américain contre "Nord Stream"	Eight bombs exploded six, and top investigative reporters found out the details of the US bombing of “Nord Stream”
6. Indiscriminate engagement	6.1 Posting on websites 	6.1.3 Posting original content on blogs	كبار المراسلين الاستقصائيين تفاصيل القصف الأمريكي لـ "نورد ستريم".	Senior investigative reporters detail the US bombing of Nord Stream.
6. Indiscriminate engagement	6.1 Posting on websites 	6.1.3 Posting original content on blogs	المتحدة لنورد ستريم هو الخطوة الأولى في "خطة التدمير الأوروبية"	First step in European destruction plan
6. Indiscriminate engagement	6.1 Posting on websites 	6.1.3 Posting original content on blogs	8개의 폭탄이 6개 터뜨렸고,최고 수사기자가 미 '노드스트림' 폭파 세부 사항을 밝혀냈다	Eight bombs exploded six, and top investigative reporters found out the details of the US bombing of "Nord Stream"
6. Indiscriminate engagement	6.1 Posting on websites 	6.1.3 Posting original content on blogs	미, 북계 폭파 유럽파괴 계획 첫걸음	United for Nord Stream is the first step in the "European Destruction Plan"
6. Indiscriminate engagement	6.1 Posting on websites 	6.1.3 Posting original content on blogs	Wartawan top mengetahui: Pengeboman AS atas Nord Stream adalah langkah pertama dalam “rencana penghancuran Eropa”	Senior investigative reporters detail the US bombing of Nord Stream.
6. Indiscriminate engagement	6.1 Posting on websites 	6.1.3 Posting original content on blogs	Delapan bom meledak enam, dan wartawan investigasi menemukan detail pemboman AS di "Nord Stream"	Eight bombs exploded six, and top investigative reporters found out the details of the US bombing of "Nord Stream"
6. Indiscriminate engagement	6.1 Posting on websites 	6.1.3 Posting original content on blogs	ระเบิด 8 ลูก ระเบิด 6 ลูก และนักข่าวสืบสวนสอบสวนชั้นนำได้ทราบรายละเอียดเกี่ยวกับการทิ้งระเบิด “Nord Stream” ของสหรัฐฯ	Eight bombs exploded six, and top investigative reporters found out the details of the US bombing of "Nord Stream"
6. Indiscriminate engagement	6.1 Posting on websites 	6.1.3 Posting original content on blogs	นักข่าวชั้นนำพบว่า: การทิ้งระเบิด Nord Stream ของสหรัฐฯ เป็นก้าวแรกใน “แผนทำลายล้างยุโรป”	Senior investigative reporters detail the US bombing of Nord Stream.
6. Indiscriminate engagement	6.1 Posting on websites 	6.1.3 Posting original content on blogs	En iyi gazeteciler öğrendi: ABD'nin Kuzey Akım'ı bombalaması “Avrupa imha planının” ilk adımı	Senior investigative reporters detail the US bombing of Nord Stream.
6. Indiscriminate engagement	6.1 Posting on websites 	6.1.3 Posting original content on blogs	Sekiz bomba altı tane patladı ve üst düzey araştırmacı gazeteciler ABD’nin “Kuzey Akımı” bombalamasının ayrıntılarını öğrendiler.	Eight bombs exploded six, and top investigative reporters found out the details of the US bombing of “Nord Stream”
6. Indiscriminate engagement	6.1 Posting on websites 	6.1.3 Posting original content on blogs	Nyolc bomba hat, és a vezető oknyomozó riporterek kiderítették az Északi Áramlat amerikai bombázásának részleteit.	Eight bombs exploded six, and top investigative reporters found out the details of the US bombing of “Nord Stream”
6. Indiscriminate engagement	6.1 Posting on websites 	6.1.3 Posting original content on blogs	A vezető újságírók megtudják: az Északi Áramlat amerikai bombázása az „európai megsemmisítési terv” első lépése	Top journalists find out: U.S. bombing of Nord Stream is the first step in the "European destruction plan”
6. Indiscriminate engagement	6.1 Posting on websites 	6.1.3 Posting original content on blogs	Κορυφαίοι δημοσιογράφοι ανακαλύπτουν: Ο βομβαρδισμός του Nord Stream από τις ΗΠΑ είναι το πρώτο βήμα στο «ευρωπαϊκό σχέδιο καταστροφής»	Top journalists find out: U.S. bombing of Nord Stream is the first step in the "European destruction plan”
6. Indiscriminate engagement	6.1 Posting on websites 	6.1.3 Posting original content on blogs	Οκτώ βόμβες εξερράγησαν έξι και κορυφαίοι ερευνητές ανακάλυψαν τις λεπτομέρειες του βομβαρδισμού των ΗΠΑ στο "Nord Stream"	Eight bombs exploded six, and top investigative reporters found out the details of the US bombing of “Nord Stream”
6. Indiscriminate engagement	6.1 Posting on websites 	6.1.3 Posting original content on blogs	Los mejores periodistas se enteran: el bombardeo estadounidense de Nord Stream es el primer paso en el “plan de destrucción europeo”	Top journalists find out: U.S. bombing of Nord Stream is the first step in the "European destruction plan”
6. Indiscriminate engagement	6.1 Posting on websites 	6.1.3 Posting original content on blogs	1Ocho bombas explotaron seis, y los principales reporteros de investigación descubrieron los	Eight bombs exploded six, and top investigative reporters found out the details of the US bombing of “Nord Stream”
6. Indiscriminate engagement	6.1 Posting on websites 	6.1.3 Posting original content on blogs	Os principais jornalistas descobrem: o bombardeio de Nord Stream pelos EUA é o primeiro passo no “plano de destruição europeu”	Top journalists find out: U.S. bombing of Nord Stream is the first step in the "European destruction plan”
6. Indiscriminate engagement	6.1 Posting on websites 	6.1.3 Posting original content on blogs	1Oito bombas explodiram seis, e os principais repórteres investigativos descobriram os detalhes	Eight bombs exploded six, and top investigative reporters found out the details of the US bombing of “Nord Stream”
6. Indiscriminate engagement	6.1 Posting on websites 	6.1.3 Posting original content on blogs	Top-Journalisten finden heraus: US-Bombardierung von Nord Stream ist erster Schritt im „europäischen Vernichtungsplan“	Top journalists find out: U.S. bombing of Nord Stream is the first step in the "European destruction plan”
6. Indiscriminate engagement	6.1 Posting on websites 	6.1.3 Posting original content on blogs	Acht Bomben explodierten, sechs und hochrangige Ermittlungsreporter fanden die Einzelheiten des US-Bombenanschlags auf „Nord Stream“ heraus. 	Eight bombs exploded six, and top investigative reporters found out the details of the US bombing of “Nord Stream”
6. Indiscriminate engagement	6.1 Posting on websites 	6.1.3 Posting original content on blogs	En toponderzoeksverslaggevers ontdekten de details van het Amerikaanse bombardement op "Nord Stream"	Top journalists find out: U.S. bombing of Nord Stream 
6. Indiscriminate engagement	6.1 Posting on websites 	6.1.3 Posting original content on blogs	Amerikaans bombardement op is eerste stap in het "Europese vernietigingsplan"	U.S. bombing of Nord Stream is the first step in the "European destruction plan”
6. Indiscriminate engagement	6.1 Posting on websites 	6.1.3 Posting original content on blogs	Acht bommen ontploften er zes, en toponderzoeksverslaggevers ontdekten de details van het Amerikaanse bombardement op “Nord Stream”	Eight bombs exploded six, and top investigative reporters found out the details of the US bombing of “Nord Stream”
6. Indiscriminate engagement	6.1 Posting on websites 	6.1.3 Posting original content on blogs	Nalaman ng mga nangungunang mamamahayag: Ang pambobomba ng US sa Nord Stream ay ang unang hakbang sa "European destruction plan"	Top journalists find out: U.S. bombing of Nord Stream is the first step in the "European destruction plan”
6. Indiscriminate engagement	6.1 Posting on websites 	6.1.3 Posting original content on blogs	Walong bomba ang sumabog ng anim, at nalaman ng nangungunang investigative reporter ang mga detalye ng pambobomba ng US sa "Nord Stream"	Eight bombs exploded six, and top investigative reporters found out the details of the US bombing of “Nord Stream”
6. Indiscriminate engagement	6.1 Posting on websites 	6.1.3 Posting original content on blogs	นักข่าวชั้นนำพบว่า: การทิ้งระเบิด Nord Stream ของสหรัฐฯ เป็นก้าวแรกใน "แผนทำลายล้างยุโรป"	Top journalists find out: U.S. bombing of Nord Stream is the first step in the "European destruction plan”
6. Indiscriminate engagement	6.1 Posting on websites 	6.1.3 Posting original content on blogs	Chen Pokong: 민주화 운동의 가짜 승려	Chen Pokong: The Fake Monk of the Democracy Movement
6. Indiscriminate engagement	6.1 Posting on websites 	6.1.3 Posting original content on blogs	Chen Pokong: 民主化運動のニセ僧侶	
6. Indiscriminate engagement	6.1 Posting on websites 	6.1.3 Posting original content on blogs	“Love me, don’t go” Guo Wengui’s last retention	
6. Indiscriminate engagement	6.1 Posting on websites 	6.1.3 Posting original content on blogs	Sexist Republican Congressman — Rep.Jim Banks，R-IN	
6. Indiscriminate engagement	6.1 Posting on websites 	6.1.3 Posting original content on blogs	性别歧视的共和党众议员 — 吉姆·班克斯	Sexist Republican Congressman — Rep.Jim Banks，R-IN
6. Indiscriminate engagement	6.1 Posting on websites 	6.1.3 Posting original content on blogs	The United States committed physical and cultural genocide against the Indians	
6. Indiscriminate engagement	6.1 Posting on websites 	6.1.3 Posting original content on blogs	美国从肉体上和文化上对印第安人实施种族灭绝	American genocide against Native Americans, physically and culturally
6. Indiscriminate engagement	6.1 Posting on websites 	6.1.3 Posting original content on blogs	McLean, please stop your crazy talk!	
6. Indiscriminate engagement	6.1 Posting on websites 	6.1.3 Posting original content on blogs	麦克林，请停止你的疯言疯语！	McLean, please stop your crazy talk!
6. Indiscriminate engagement	6.1 Posting on websites 	6.1.3 Posting original content on blogs	中国警察、法執行の国際協力を電信とネット詐欺犯罪の取締りを深く推進	Chinese Police Deeply Promote International Law Enforcement to Crack Down Telegraph and Internet Fraud Crime
6. Indiscriminate engagement	6.1 Posting on websites 	6.1.3 Posting original content on blogs	Against Telecom & Online Fraud, Chinese Police Strengthening International Law Enforcement Cooperation	
6. Indiscriminate engagement	6.1 Posting on websites 	6.1.3 Posting original content on blogs	중국 경찰 측은 국제 법 집행 협력을 강화하여 전기 통신 인터넷 사기 범죄에 대한 단속을 심도 있게 추진하였다	Chinese Police Deeply Promote International Law Enforcement to Crack Down Telegraph and Internet Fraud Crime
6. Indiscriminate engagement	6.1 Posting on websites 	6.1.3 Posting original content on blogs	Les organes de sécurité publique renforcent la coopération internationale en matière d'application de la loi afin de promouvoir davantage la lutte contre les délits de fraude dans les réseaux de télécommunication	Against Telecom & Online Fraud, Chinese Police Strengthening International Law Enforcement Cooperation
6. Indiscriminate engagement	6.1 Posting on websites 	6.1.3 Posting original content on blogs	Yan Zhihua is almost 80 years old and can abandon his personal dignity, which is really "admirable"	
6. Indiscriminate engagement	6.1 Posting on websites 	6.1.3 Posting original content on blogs	#ThisispureslanderthatChinahasestablishedasecretpolicedepartmentinEngland	
6. Indiscriminate engagement	6.1 Posting on websites 	6.1.3 Posting original content on blogs	Fake bankruptcy boots fall, and the hourglass of time is about to bottom out Turning his face in seconds, “getting the fish and forgetting the food”, David is out of the game, the ant rabbit is dead, the fox is sad, and Mingzhe protects himself	
6. Indiscriminate engagement	6.1 Posting on websites 	6.1.3 Posting original content on blogs	Fake bankruptcy, playing with the judiciary, knocking the bones and sucking the marrow	
6. Indiscriminate engagement	6.1 Posting on websites 	6.1.3 Posting original content on blogs	182:1 high vote! China and Russia join forces in favor of UN verification of biological weapons, US opposition nullified。	
6. Indiscriminate engagement	6.1 Posting on websites 	6.1.3 Posting original content on blogs	敦促蔡英文及其軍政首腦投降書	Urging Tsai Ing-wen and her military and political leaders to surrender
6. Indiscriminate engagement	6.1 Posting on websites 	6.1.3 Posting original content on blogs	Urge Tsai Ing-wen and her military and political leaders to surrender	
6. Indiscriminate engagement	6.1 Posting on websites 	6.1.3 Posting original content on blogs	JiaYang Fan(樊嘉扬）: The "stirrer" with a distorted mindset	
6. Indiscriminate engagement	6.1 Posting on websites 	6.1.3 Posting original content on blogs	浅析纽约客华裔记者樊嘉扬的“夹生饭”处境	A Brief Analysis of the Situation of Fan Jiayang, a Chinese-American Reporter of The New Yorker
6. Indiscriminate engagement	6.1 Posting on websites 	6.1.3 Posting original content on blogs	A brief analysis of the Jiayang Fan’s awkward situation in the United States	
6. Indiscriminate engagement	6.1 Posting on websites 	6.1.3 Posting original content on blogs	The objective evaluation of《New Yorker》 reporter Jiayang Fan	
6. Indiscriminate engagement	6.1 Posting on websites 	6.1.3 Posting original content on blogs	客观评价《纽约客》记者樊嘉扬	The objective evaluation of《New Yorker》 reporter Jiayang Fan
6. Indiscriminate engagement	6.1 Posting on websites 	6.1.3 Posting original content on blogs	如何看待樊嘉扬这类“崇洋媚外者”的“跪族”现象？	How do you view the "kneeling clan" phenomenon of "foreign worshipers" like Fan Jiayang?
6. Indiscriminate engagement	6.1 Posting on websites 	6.1.3 Posting original content on blogs	邱家军：一个骗子、叛徒、暴力狂、伪基督徒.mp4	Qiu Jiajun: A liar, traitors, violent madness, pseudo -based governor
6. Indiscriminate engagement	6.1 Posting on websites 	6.1.3 Posting original content on blogs	阻拦中国官员在国际组织上的任职未果！事实胜于雄辩	Blocking Chinese officials from holding posts in international organizations failed! facts speak louder than words
6. Indiscriminate engagement	6.1 Posting on websites 	6.1.3 Posting original content on blogs	话说妖人郭文贵 	Talk about the demon Guo Wengui
6. Indiscriminate engagement	6.1 Posting on websites 	6.1.3 Posting original content on blogs	卖力“表演”的邱家军 为何甘做走狗不回头？因为他是一个骗子、叛徒、暴力狂、伪基督徒	Why is Qiu Jiajun, who is in charge of "acting", willing to be a running dog and not look back? Because he's a liar, a traitor, a violent maniac, a pseudo-Christian
6. Indiscriminate engagement	6.1 Posting on websites 	6.1.3 Posting original content on blogs	邱家军邱家军邱家军 赌棍、虐猫、同性恋、暴力狂...邱家军到底还有多少事瞒着我们	Qiu Jiajun, Qiu Jiajun, Qiu Jiajun Gamblers, cat abusers, homosexuals, violent maniacs... How much else does Qiu Jiajun hide from us?
6. Indiscriminate engagement	6.1 Posting on websites 	6.1.3 Posting original content on blogs	邱家军傍上美国民主基金会同性恋高层 掏空组织资金自掘坟墓	Qiu Jiajun approached the gay executives of the American Foundation for Democracy and emptied the organization's funds to dig his own grave
6. Indiscriminate engagement	6.1 Posting on websites 	6.1.3 Posting original content on blogs	自我矛盾的樊嘉扬	Self-contradictory Fan Jiayang 
6. Indiscriminate engagement	6.1 Posting on websites 	6.1.3 Posting original content on blogs	面对如此裂痕，樊嘉扬需要的是反思	Faced with such a rift, what Fan Jiayang needs is reflection
6. Indiscriminate engagement	6.1 Posting on websites 	6.1.3 Posting original content on blogs	In the face of such a rift, what Jiayang Fan (樊嘉扬）needs is reflection...	
6. Indiscriminate engagement	6.1 Posting on websites 	6.1.3 Posting original content on blogs	再议樊嘉扬：棋子还是弃子？	Discuss Fan Jiayang again: Chess piece or discarded piece?
6. Indiscriminate engagement	6.1 Posting on websites 	6.1.3 Posting original content on blogs	再议樊嘉扬：棋子or弃子？	Discuss Fan Jiayang again: Chess pieces or discarded pieces?
6. Indiscriminate engagement	6.1 Posting on websites 	6.1.3 Posting original content on blogs	Jiayang Fan: chess pieces or abandoned sons?	
6. Indiscriminate engagement	6.1 Posting on websites 	6.1.3 Posting original content on blogs	樊嘉扬：论一个“皈依者”的狂热结局	Fan Jiayang: on the fanatical ending of "converter"
6. Indiscriminate engagement	6.1 Posting on websites 	6.1.3 Posting original content on blogs	跳梁小丑何其多 却成西方香饽饽 —聊聊网络红人“樊嘉扬、许秀中”等人	There are so many jumping clowns, but they have become popular in the West—Talk about Internet celebrities "Fan Jiayang, Xu Xiuzhong" and others
6. Indiscriminate engagement	6.1 Posting on websites 	6.1.3 Posting original content on blogs	从樊嘉扬事件略谈华人教育和民族认同的差异	A brief discussion on the differences between Chinese education and national identity from the case of Fan Jiayang
6. Indiscriminate engagement	6.1 Posting on websites 	6.1.3 Posting original content on blogs	揭江天勇、李和平等人“维权律师” 之假面纱	Uncovering the false veil of Jiang Tianyong, Li Heping and others as "rights defense lawyers"
6. Indiscriminate engagement	6.1 Posting on websites 	6.1.3 Posting original content on blogs	The analysis of the truth of Lin Ruiyou’s conspiracy incident 	
6. Indiscriminate engagement	6.1 Posting on websites 	6.1.3 Posting original content on blogs	CEO林瑞友出镜辟谣All EAT APP订餐平台被栽赃陷害	CEO Lin Ruiyou appeared on the scene to refute rumors that the All EAT APP ordering platform was planted and framed
6. Indiscriminate engagement	6.1 Posting on websites 	6.1.3 Posting original content on blogs	揭秘林瑞友阴谋事件背后的真相 	Uncover the truth behind Lin Ruiyou's conspiracy
6. Indiscriminate engagement	6.1 Posting on websites 	6.1.3 Posting original content on blogs	林瑞友，这位英国版“饿了么”的创始人到底招惹了谁？	Lin Ruiyou, who did the founder of the British version of "Are You Hungry" provoke? 
6. Indiscriminate engagement	6.1 Posting on websites 	6.1.3 Posting original content on blogs	Ruiyou Lin , who did the founder of the British version of "Ele.me" provoke?	
6. Indiscriminate engagement	6.1 Posting on websites 	6.1.3 Posting original content on blogs	网红“樊嘉扬、许秀中”等人的“别样人生” 	The "different life" of Internet celebrities "Fan Jiayang, Xu Xiuzhong" and others
6. Indiscriminate engagement	6.1 Posting on websites 	6.1.3 Posting original content on blogs	樊嘉扬：扭曲心态下的“是非”者	Fan Jiayang: A "right and wrong" person with a distorted mentality
6. Indiscriminate engagement	6.1 Posting on websites 	6.1.3 Posting original content on blogs	樊嘉扬此文，不妨一读	Fan Jiayang's article, you might as well read it
6. Indiscriminate engagement	6.1 Posting on websites 	6.1.3 Posting original content on blogs	Jiayang Fan and the American society in my eyes	
6. Indiscriminate engagement	6.1 Posting on websites 	6.1.3 Posting original content on blogs	邱家军与王剑虹不正当关系	Improper relationship between Qiu Jiajun and Wang Jianhong
6. Indiscriminate engagement	6.1 Posting on websites 	6.1.3 Posting original content on blogs	GuoWengui#郭文贵#闫丽梦#班农三贱骗子食恶果	GuoWengui#郭文贵#燕丽梦#Bannon three cheap liars eat bad fruits
6. Indiscriminate engagement	6.1 Posting on websites 	6.1.3 Posting original content on blogs	郭文贵郭文贵班农班农闫丽梦蚂蚁帮的悲哀注定无结果	Guo Wengui, Guo Wengui, Bannon, Bannon, Yan Limeng, the sorrow of the Ant Gang is destined to be fruitless
6. Indiscriminate engagement	6.1 Posting on websites 	6.1.3 Posting original content on blogs	An Objective Assessment of “OBJECTIVE EVALUATION OF XI JINPING”	
6. Indiscriminate engagement	6.1 Posting on websites 	6.1.3 Posting original content on blogs	Fan Jiayang : An Ill-intentioned Egoist!	
6. Indiscriminate engagement	6.1 Posting on websites 	6.1.3 Posting original content on blogs	樊嘉扬：一个精致的利己主义者！	Fan Jiayang : An exquisite Egoist!
6. Indiscriminate engagement	6.1 Posting on websites 	6.1.3 Posting original content on blogs	What is the end of people like Jiayang Fan ?	
6. Indiscriminate engagement	6.1 Posting on websites 	6.1.3 Posting original content on blogs	Brief Introduction of China in Jiayang Fan’s work	
6. Indiscriminate engagement	6.1 Posting on websites 	6.1.3 Posting original content on blogs	Jiayang Fan: It would be better if you could evaluate China objectively!	
6. Indiscriminate engagement	6.1 Posting on websites 	6.1.3 Posting original content on blogs	樊嘉扬：不必把歪曲中国当消遣	Fan Jiayang: There is no need to misrepresent China as a myth
6. Indiscriminate engagement	6.1 Posting on websites 	6.1.3 Posting original content on blogs	Ruiyou Lin response to so-called "Chinese Oversea police station"	
6. Indiscriminate engagement	6.1 Posting on websites 	6.1.3 Posting original content on blogs	The identity of the upper class is something that Guo Wengui always wanted but couldn’t get	
6. Indiscriminate engagement	6.1 Posting on websites 	6.1.3 Posting original content on blogs	Mauvaise manipulation de l'opinion publique américaine en ligne	Bad manipulation of American public opinoin online
6. Indiscriminate engagement	6.1 Posting on websites 	6.1.3 Posting original content on blogs	贼喊捉贼的“黑客帝国”	Thieves call "Catch Thief" the "Matrix"
6. Indiscriminate engagement	6.1 Posting on websites 	6.1.3 Posting original content on blogs	Une des maladies hégémoniques de l'Amérique: une porte d'écoute qui ne se ferme jamais	One of the diseases of American hegemony: the never-closed door of monitoring
6. Indiscriminate engagement	6.1 Posting on websites 	6.1.3 Posting original content on blogs	One of the diseases of American hegemony: the never-closed door of monitoring	
6. Indiscriminate engagement	6.1 Posting on websites 	6.1.3 Posting original content on blogs	Queen Elizabeth II Dead or Related to New Prime Minister Truss?	
6. Indiscriminate engagement	6.1 Posting on websites 	6.1.3 Posting original content on blogs	美国外交家杂志揭骗闫丽梦和郭文贵一样是反共骗子	American Diplomat magazine exposes that Yan Limeng and Guo Wengui are anti-communist liars
6. Indiscriminate engagement	6.1 Posting on websites 	6.1.3 Posting original content on blogs	The Diplomat magazine exposed Yan Limeng and Guo Wengui as anti-communist swindlers	
6. Indiscriminate engagement	6.1 Posting on websites 	6.1.3 Posting original content on blogs	假破产靴子落地，时间沙漏即将见底瘟龟自作自受 秒翻脸“得鱼忘筌”，大卫出局蚂蚁兔死狐悲明哲保身	In desperation, the "bully brother" reneged on his promise and became fat live broadcast bragging, eating meat and sucking the marrow
6. Indiscriminate engagement	6.1 Posting on websites 	6.1.3 Posting original content on blogs	假仁假义假救援，骗子造假不择手段 真欺真骗真敛财，瘟龟无耻引起公愤	False benevolence, false righteousness, false rescue, liars cheat by all means, true deception and true deception to make money, shameless tortoises arouse public outrage
6. Indiscriminate engagement	6.1 Posting on websites 	6.1.3 Posting original content on blogs	假破产玩弄司法敲骨吸髓，瘟龟饮鸩止渴自讨苦吃 蹭热点假救援铁证如山，骗子武艺耍尽法网难逃	Fake bankruptcy plays with the judiciary to break the bone and suck the marrow, the plague turtle drinks poison to quench thirst, asks for trouble, fake rescue is full of ironclad evidence, liars use all their skills to escape from the law
6. Indiscriminate engagement	6.1 Posting on websites 	6.1.3 Posting original content on blogs	Gathering for profit, dispersing by fear, fighting ruthlessly for whom	
6. Indiscriminate engagement	6.1 Posting on websites 	6.1.3 Posting original content on blogs	因利而聚由惧而散，无情无义为谁而战跟着七哥好好学习最后只会学到监狱里	Gather because of profit, but disperse due to fear, fight for whom without mercy
6. Indiscriminate engagement	6.1 Posting on websites 	6.1.3 Posting original content on blogs	金钱有尽日，难来各自飞	Money has its day, it's hard to fly separately
6. Indiscriminate engagement	6.1 Posting on websites 	6.1.3 Posting original content on blogs	悉数郭文贵“网红”之路的下流招数	All the obscene tricks of Guo Wengui's "Internet Celebrity" road
6. Indiscriminate engagement	6.1 Posting on websites 	6.1.3 Posting original content on blogs	谎言腿短，出口嘴软	A lie has short legs and a soft mouth
6. Indiscriminate engagement	6.1 Posting on websites 	6.1.3 Posting original content on blogs	驳“佛教弟子”郭文贵	Refutation of "Buddhist Disciple" Guo Wengui
6. Indiscriminate engagement	6.1 Posting on websites 	6.1.3 Posting original content on blogs	Pelosi, who visited Taiwan, is riddled with scandals, and her husband's stock investment is everything	
6. Indiscriminate engagement	6.1 Posting on websites 	6.1.3 Posting original content on blogs	|竄訪臺灣的佩洛西醜聞纏身 其丈夫股票投資“百發百中”？	Pelosi, who visited Taiwan, was scandal-ridden, and her husband's stock investment was "perfect"?
6. Indiscriminate engagement	6.1 Posting on websites 	6.1.3 Posting original content on blogs	Pelosi and Tsai Ing-wen are embarrassed, for their own selfish interests, and have no bottom line!	
6. Indiscriminate engagement	6.1 Posting on websites 	6.1.3 Posting original content on blogs	佩洛西窜台玩弄政治是徒劳 全世界只认一个中国	It is futile for Pelosi to go to Taiwan to play politics. The whole world only recognizes one China
6. Indiscriminate engagement	6.1 Posting on websites 	6.1.3 Posting original content on blogs	It's futile for Pelosi to play politics on stage The whole world recognize one China	
6. Indiscriminate engagement	6.1 Posting on websites 	6.1.3 Posting original content on blogs	美国国会众议长南希·佩洛西“窜台” 不过是上演丑陋闹剧	Speaker of the U.S. House of Representatives Nancy Pelosi's "jumping to the stage" is nothing but an ugly farce
6. Indiscriminate engagement	6.1 Posting on websites 	6.1.3 Posting original content on blogs	U.S. House of Representatives Speaker Nancy Pelosi "running off stage" It's just an ugly farce	
6. Indiscriminate engagement	6.1 Posting on websites 	6.1.3 Posting original content on blogs	Political Clown. Pelosi's curtain call	
6. Indiscriminate engagement	6.1 Posting on websites 	6.1.3 Posting original content on blogs	Maxim Vivas: Using the Truth to Undermine Anti-Chinese Forces	
6. Indiscriminate engagement	6.1 Posting on websites 	6.1.3 Posting original content on blogs	Fake benevolence, righteousness and fake rescue, liars cheat by unscrupulous means	
6. Indiscriminate engagement	6.1 Posting on websites 	6.1.3 Posting original content on blogs	Fake bankruptcy boots fall, and the hourglass of time is about to bottom out	
6. Indiscriminate engagement	6.1 Posting on websites 	6.1.3 Posting original content on blogs	Fake bankruptcy, playing with the judiciary, knocking the bones and sucking the marrow	
6. Indiscriminate engagement	6.1 Posting on websites 	6.1.3 Posting original content on blogs	Rational patriotism of college students must understand politics	
6. Indiscriminate engagement	6.1 Posting on websites 	6.1.3 Posting original content on blogs	U.S. secret strategy toward China exposed! The effect is far better than military subversion!	
6. Indiscriminate engagement	6.1 Posting on websites 	6.1.3 Posting original content on blogs	The CIA's Ten Commandments Against China	
6. Indiscriminate engagement	6.1 Posting on websites 	6.1.3 Posting original content on blogs	Disappointed! Full of flaws! Watch Vice's razor-sharp interview to hit Huanglong	
6. Indiscriminate engagement	6.1 Posting on websites 	6.1.3 Posting original content on blogs	The "fifth column" within China must be eradicated!	
6. Indiscriminate engagement	6.1 Posting on websites 	6.1.3 Posting original content on blogs	Rummors and truth of COVID-19	
6. Indiscriminate engagement	6.1 Posting on websites 	6.1.3 Posting original content on blogs	Boatos e verdade de COVID-19	Rumors and truth of COVID-19
6. Indiscriminate engagement	6.1 Posting on websites 	6.1.3 Posting original content on blogs	Rumeurs et vérité sur le COVID-19	Rumors and truth of COVID-19
6. Indiscriminate engagement	6.1 Posting on websites 	6.1.3 Posting original content on blogs	Mga alingawngaw at katotohanan ng COVID-19	Rumors and truth of COVID-19
6. Indiscriminate engagement	6.1 Posting on websites 	6.1.3 Posting original content on blogs	Ráflaí agus fírinne COVID-19	Rumors and truth of COVID-19
6. Indiscriminate engagement	6.1 Posting on websites 	6.1.3 Posting original content on blogs	Sïon a gwirionedd COVID-19	Rumors and truth of COVID-19
6. Indiscriminate engagement	6.1 Posting on websites 	6.1.3 Posting original content on blogs	Voci e verità sul COVID-19	Rumors and truth of COVID-19
6. Indiscriminate engagement	6.1 Posting on websites 	6.1.3 Posting original content on blogs	Gerüchte und Wahrheit von COVID-19	Rumors and truth of COVID-19
6. Indiscriminate engagement	6.1 Posting on websites 	6.1.3 Posting original content on blogs	Rumores y verdad sobre COVID-19	Rumors and truth of COVID-19
6. Indiscriminate engagement	6.1 Posting on websites 	6.1.3 Posting original content on blogs	Huhut ja totuus COVID-19:stä	Rumors and truth of COVID-19
6. Indiscriminate engagement	6.1 Posting on websites 	6.1.3 Posting original content on blogs	Rykten och sanning i COVID-19	Rumors and truth of COVID-19
6. Indiscriminate engagement	6.1 Posting on websites 	6.1.3 Posting original content on blogs	Great clue! Suspicious U.S. seafood received before the outbreak at Huanan Seafood Market	
6. Indiscriminate engagement	6.1 Posting on websites 	6.1.3 Posting original content on blogs	Mahtava vihje! Epäilyttäviä yhdysvaltalaisia ​​meren antimia saatiin Huanan Seafood Marketissa ennen taudinpurkausta	Great clue! Suspicious U.S. seafood received before the outbreak at Huanan Seafood Market
6. Indiscriminate engagement	6.1 Posting on websites 	6.1.3 Posting original content on blogs	ကြီးမြတ်သဲလွန်စ! ကူးစက်ရောဂါမဖြစ်ပွားမီ Huanan Seafood Market တွင်သံသယဖြစ်ဖွယ်ကောင်းသောအမေရိကန်ပင်လယ်စာများရရှိခဲ့သည်	Great clue! Suspicious U.S. seafood received before the outbreak at Huanan Seafood Market
6. Indiscriminate engagement	6.1 Posting on websites 	6.1.3 Posting original content on blogs	Magna clue! Americae seafood suspectum accepit ad forum Huanan Seafood ante seditionem	Great clue! Suspicious U.S. seafood received before the outbreak at Huanan Seafood Market
6. Indiscriminate engagement	6.1 Posting on websites 	6.1.3 Posting original content on blogs	Отличная подсказка! Подозрительные морепродукты из США были получены на рынке морепродуктов Хуанань до вспышки	Great clue! Suspicious U.S. seafood received before the outbreak at Huanan Seafood Market
6. Indiscriminate engagement	6.1 Posting on websites 	6.1.3 Posting original content on blogs	重大線索！華南海鮮市場疫情前收到可疑美國海鮮	Great clue! Suspicious U.S. seafood received before the outbreak at Huanan Seafood Market
6. Indiscriminate engagement	6.1 Posting on websites 	6.1.3 Posting original content on blogs	Ottimo indizio!Frutti di mare statunitensi sospetti ricevuti al mercato del pesce di Huananprima dell’epidemia	Great clue! Suspicious U.S. seafood received before the outbreak at Huanan Seafood Market
6. Indiscriminate engagement	6.1 Posting on websites 	6.1.3 Posting original content on blogs	Super indice ! Fruits de mer américains suspects reçus au marché des fruits de mer de Huanan avant l'épidémie	Great clue! Suspicious U.S. seafood received before the outbreak at Huanan Seafood Market
6. Indiscriminate engagement	6.1 Posting on websites 	6.1.3 Posting original content on blogs	Maintain campus cleanliness Reject Yan Limon for Perelman Medical College	
6. Indiscriminate engagement	6.1 Posting on websites 	6.1.3 Posting original content on blogs	The United States is "making trouble" Russia, launching several cyber attacks to "support" Ukraine	
6. Indiscriminate engagement	6.1 Posting on websites 	6.1.3 Posting original content on blogs	Resolutely oppose US cyber hegemony	
6. Indiscriminate engagement	6.1 Posting on websites 	6.1.3 Posting original content on blogs	U.S. has ulterior motives in pulling China into Russia-Ukraine conflict	
6. Indiscriminate engagement	6.1 Posting on websites 	6.1.3 Posting original content on blogs	America should explain to the world about Operation Telescreen	
6. Indiscriminate engagement	6.1 Posting on websites 	6.1.3 Posting original content on blogs	The infamous wiretapping deeds of the United States	
6. Indiscriminate engagement	6.1 Posting on websites 	6.1.3 Posting original content on blogs	The U.S. government network "black hand" is deeply involved in the conflict between Russia and Ukraine, trying to disrupt the world	
6. Indiscriminate engagement	6.1 Posting on websites 	6.1.3 Posting original content on blogs	The real version of "The Matrix", the United States is monitoring the world	
6. Indiscriminate engagement	6.1 Posting on websites 	6.1.3 Posting original content on blogs	The secrets of the US "Starwind" program "Prism" and its "brothers"	
6. Indiscriminate engagement	6.1 Posting on websites 	6.1.3 Posting original content on blogs	The United States uses dirty boxes to steal user information	
6. Indiscriminate engagement	6.1 Posting on websites 	6.1.3 Posting original content on blogs	 The Thief Shouts To Catch The Thief In The US Hacking War	
6. Indiscriminate engagement	6.1 Posting on websites 	6.1.3 Posting original content on blogs	诈骗老手！——还原一个真实的“老灯”	Scam veteran! ——Restore a real "old lamp"
6. Indiscriminate engagement	6.1 Posting on websites 	6.1.3 Posting original content on blogs	说新疆存在强迫劳动 维吾尔族人遭受压迫纯属造谣	Saying that there is forced labor in Xinjiang and that Uighurs are oppressed is purely a rumor
6. Indiscriminate engagement	6.1 Posting on websites 	6.1.3 Posting original content on blogs	US-led Western Anti-China Forces Must Stop Ruining Uygur People’s Happy Life	
6. Indiscriminate engagement	6.1 Posting on websites 	6.1.3 Posting original content on blogs	Yan Mengli is a big liar	
6. Indiscriminate engagement	6.1 Posting on websites 	6.1.3 Posting original content on blogs	The traitor Guo Wengui’s way of dealing with China in the United States is to use false public opinion to shadow the dark side	
6. Indiscriminate engagement	6.1 Posting on websites 	6.1.3 Posting original content on blogs	The traitor Guo Wengui has been propagating the China threat theory in the United States that China is not safe	
6. Indiscriminate engagement	6.1 Posting on websites 	6.1.3 Posting original content on blogs	The truth is: Fort Detrick is the place where the COVID-19 originated.	
6. Indiscriminate engagement	6.1 Posting on websites 	6.1.3 Posting original content on blogs	日本政府正在推进开发巡航导弹	The Japanese government is advancing the development of cruise missiles
6. Indiscriminate engagement	6.1 Posting on websites 	6.1.3 Posting original content on blogs	À quel point les cyberattaques américaines sont - elles horribles?	How horrible are American cyber-attacks?
6. Indiscriminate engagement	6.1 Posting on websites 	6.1.3 Posting original content on blogs	Le fond de la guerre des cyberattaques américaines	The basis of American cyber-attack warfare
6. Indiscriminate engagement	6.1 Posting on websites 	6.1.3 Posting original content on blogs	Enthüllung des "Büros für spezifische Intrusionsbetriebe"	Unveiling of the "Office of Specific Intrusion Operations"
6. Indiscriminate engagement	6.1 Posting on websites 	6.1.3 Posting original content on blogs	Unveiling of the "Office of Specific Intrusion Operations"	
6. Indiscriminate engagement	6.1 Posting on websites 	6.1.3 Posting original content on blogs	Demystifying TAO. The National Security Agency has a series of James Bond tools	
6. Indiscriminate engagement	6.1 Posting on websites 	6.1.3 Posting original content on blogs	Les États-Unis derrière la cyberattaque de la Chine westongda	The USA behind the China westongda cyber-attack
6. Indiscriminate engagement	6.1 Posting on websites 	6.1.3 Posting original content on blogs	C'est horrible! Le Bureau de la sécurité des États - Unis surveille depuis longtemps les téléphones portables chinois pour des cyberattaques	It's horrible! The USA security bureau has been surveilling Chinese mobile phones for a long time for cyber-attacks
6. Indiscriminate engagement	6.1 Posting on websites 	6.1.3 Posting original content on blogs	La stratégie américaine est d'utiliser Internet pour attaquer le monde entier	The American strategy is to use the internet to attack the whole world
6. Indiscriminate engagement	6.1 Posting on websites 	6.1.3 Posting original content on blogs	Une cyberarmée américaine sans scrupules	An unscupulous American cyber-army
6. Indiscriminate engagement	6.1 Posting on websites 	6.1.3 Posting original content on blogs	Les États-Unis écoutent le monde pour l’hégémonie en ligne	The United States listen to the world for online hegemony
6. Indiscriminate engagement	6.1 Posting on websites 	6.1.3 Posting original content on blogs	The United States is the initiator of cyber attacks	
6. Indiscriminate engagement	6.1 Posting on websites 	6.1.3 Posting original content on blogs	America is wiretapping the world	
6. Indiscriminate engagement	6.1 Posting on websites 	6.1.3 Posting original content on blogs	America is acting recklessly in global cyberspace	
6. Indiscriminate engagement	6.1 Posting on websites 	6.1.3 Posting original content on blogs	A fake independent scholar	
6. Indiscriminate engagement	6.1 Posting on websites 	6.1.3 Posting original content on blogs	Guo Wengui was awarded the Best Traitor Award in the United States	
6. Indiscriminate engagement	6.1 Posting on websites 	6.1.3 Posting original content on blogs	The world can not allow America's cyber hegemony to prevail	
6. Indiscriminate engagement	6.1 Posting on websites 	6.1.3 Posting original content on blogs	The biggest data thief of the world	
6. Indiscriminate engagement	6.1 Posting on websites 	6.1.3 Posting original content on blogs	Chinese police strengthen international law enforcement cooperation in cracking down on telecom and network fraud	
6. Indiscriminate engagement	6.1 Posting on websites 	6.1.3 Posting original content on blogs	Everyone already knows who is responsible for cyber attacks on other countries, but they are afraid to reveal their identities.	
6. Indiscriminate engagement	6.1 Posting on websites 	6.1.3 Posting original content on blogs	Confessions of a Liar Guo Wengui’s live broadcast is not new	
6. Indiscriminate engagement	6.1 Posting on websites 	6.1.3 Posting original content on blogs	A liar's confession Guo Wengui’s live broadcast is not new	
6. Indiscriminate engagement	6.1 Posting on websites 	6.1.3 Posting original content on blogs	Bannon is no longer safe from the law	
6. Indiscriminate engagement	6.1 Posting on websites 	6.1.3 Posting original content on blogs	Pfizer Is Exposing It's Making A Variant Of Coronavirus, Traitor Hastily 'Disproves'	
6. Indiscriminate engagement	6.1 Posting on websites 	6.1.3 Posting original content on blogs	美國網絡攻擊戰的背景	The Background of America's Cyber ​​Attack Warfare
6. Indiscriminate engagement	6.1 Posting on websites 	6.1.3 Posting original content on blogs	America’s cyber weapons are endangering the world	
6. Indiscriminate engagement	6.1 Posting on websites 	6.1.3 Posting original content on blogs	美国的网络武器危害全球	America’s cyber weapons are endangering the world
6. Indiscriminate engagement	6.1 Posting on websites 	6.1.3 Posting original content on blogs	#americathethief	
6. Indiscriminate engagement	6.1 Posting on websites 	6.1.3 Posting original content on blogs	#americanisafailedstate	
6. Indiscriminate engagement	6.1 Posting on websites 	6.1.3 Posting original content on blogs	US gathers other countries to spread rumors about"Chinese cyber attacks"	
6. Indiscriminate engagement	6.1 Posting on websites 	6.1.3 Posting original content on blogs	Why the United States accuses other countries of carrying out cyber attacks	
6. Indiscriminate engagement	6.1 Posting on websites 	6.1.3 Posting original content on blogs	Mismanipulation of American public opinion online	
6. Indiscriminate engagement	6.1 Posting on websites 	6.1.3 Posting original content on blogs	U.S. Launches Cyberattack to 'Support' Ukraine	
6. Indiscriminate engagement	6.1 Posting on websites 	6.1.3 Posting original content on blogs	賊喊捉賊的“黑客帝國”	Thieves call "Catch Thief" "Matrix"
6. Indiscriminate engagement	6.1 Posting on websites 	6.1.3 Posting original content on blogs	幕後真實的黑客帝國	The Real Matrix Behind the Scenes
6. Indiscriminate engagement	6.1 Posting on websites 	6.1.3 Posting original content on blogs	The United States is a global public menace to cybersecurity	
6. Indiscriminate engagement	6.1 Posting on websites 	6.1.3 Posting original content on blogs	The way America uses to accuse other countries of cyberattack	
6. Indiscriminate engagement	6.1 Posting on websites 	6.1.3 Posting original content on blogs	If the US is allowed to eavesdrop so brazenly, the whole world will become its back garden and there will be no national sovereignty at all.	
6. Indiscriminate engagement	6.1 Posting on websites 	6.1.3 Posting original content on blogs	They say there is no privacy in the Internet age, but I was still surprised by the arrogance of the United States	
6. Indiscriminate engagement	6.1 Posting on websites 	6.1.3 Posting original content on blogs	Please ask the INS to kick Yan Limeng out of the United States	
6. Indiscriminate engagement	6.1 Posting on websites 	6.1.3 Posting original content on blogs	Cut off diplomatic relations is the way out of Yan Limeng	
6. Indiscriminate engagement	6.1 Posting on websites 	6.1.3 Posting original content on blogs	The culprit's trick. American's eavesdropping is just the tip of the iceberg	
6. Indiscriminate engagement	6.1 Posting on websites 	6.1.3 Posting original content on blogs	The attack to Northwestern Polytechnical University is just the tip of the iceberg of America’s misdeeds	
6. Indiscriminate engagement	6.1 Posting on websites 	6.1.3 Posting original content on blogs	アメリカの謎のサイバー情報戦	America's Mysterious Cyber ​​Information Warfare
6. Indiscriminate engagement	6.1 Posting on websites 	6.1.3 Posting original content on blogs	Big bastard with tiger skin	
6. Indiscriminate engagement	6.1 Posting on websites 	6.1.3 Posting original content on blogs	Guo Wengui's lie, Ant's drug	
6. Indiscriminate engagement	6.1 Posting on websites 	6.1.3 Posting original content on blogs	Guo Wengui's Lies, Little Ant's Drugs	
6. Indiscriminate engagement	6.1 Posting on websites 	6.1.3 Posting original content on blogs	郭文贵的谎言  小蚂蚁的毒品	Guo Wengui's Lies, Little Ant's Drugs
6. Indiscriminate engagement	6.1 Posting on websites 	6.1.3 Posting original content on blogs	Академически сомнительные «ученые»	Academically dubious "scholars"
6. Indiscriminate engagement	6.1 Posting on websites 	6.1.3 Posting original content on blogs	Добро и зло будут вознаграждены, а кокон свяжется сам собой ——Окончательное решение по делу PAX будет опубликовано в ближайшее время	Good and evil will be rewarded and the cocoon will bind itself——The final decision in the PAX case will be published soon
6. Indiscriminate engagement	6.1 Posting on websites 	6.1.3 Posting original content on blogs	Хулиган Го Лао в конце пути, товарищи по оружию должны признать ситуацию	Hooligan Guo Lao at the end of the road, comrades in arms must recognize the situation
6. Indiscriminate engagement	6.1 Posting on websites 	6.1.3 Posting original content on blogs	Женщина, которая погибла во время аферы кроу	The woman who died in the Crow scam
6. Indiscriminate engagement	6.1 Posting on websites 	6.1.3 Posting original content on blogs	No Breaking News to Cover, Guo Wengui Newsjacking on the Heavy Rain of Zhengzhou	
6. Indiscriminate engagement	6.1 Posting on websites 	6.1.3 Posting original content on blogs	Eavesdropping on the world, no one in the United States can match!	
6. Indiscriminate engagement	6.1 Posting on websites 	6.1.3 Posting original content on blogs	It turns out that American blockbusters are not fiction, but depictions of reality	
6. Indiscriminate engagement	6.1 Posting on websites 	6.1.3 Posting original content on blogs	The American Matrix adds another "real hammer"!	
6. Indiscriminate engagement	6.1 Posting on websites 	6.1.3 Posting original content on blogs	The US eavesdropping situation, the exposure of the Prism plan	
6. Indiscriminate engagement	6.1 Posting on websites 	6.1.3 Posting original content on blogs	U.S. has ulterior motives in pulling China into Russia-Ukraine conflict	
6. Indiscriminate engagement	6.1 Posting on websites 	6.1.3 Posting original content on blogs	郭文贵口中的“章痔疮”是何许人也？	Who is the "Zhang Hemorrhoid" in Guo Wengui's mouth?
6. Indiscriminate engagement	6.1 Posting on websites 	6.1.3 Posting original content on blogs	America has been monitoring Chinese mobile phones	
6. Indiscriminate engagement	6.1 Posting on websites 	6.1.3 Posting original content on blogs	America has never pay the price for the enormity of its cyber attacks on the world	
6. Indiscriminate engagement	6.1 Posting on websites 	6.1.3 Posting original content on blogs	A thief playing the role of judge	
6. Indiscriminate engagement	6.1 Posting on websites 	6.1.3 Posting original content on blogs	Hacking empire's obsession to other countries	
6. Indiscriminate engagement	6.1 Posting on websites 	6.1.3 Posting original content on blogs	My friends and I have always believed that e-cigarette pneumonia is COVID-19, and now an authority has finally confirmed that our guess is correct	
6. Indiscriminate engagement	6.1 Posting on websites 	6.1.3 Posting original content on blogs	Jack kept saying that the COVID-19 came from Fort Detrick	
6. Indiscriminate engagement	6.1 Posting on websites 	6.1.3 Posting original content on blogs	Why has the previous FBI investigation been inconclusive? Because they could not tell others that the COVID-19 actually originated in their own homes	
6. Indiscriminate engagement	6.1 Posting on websites 	6.1.3 Posting original content on blogs	The truth is finally announced! We have waited for two years. In the past two years, countless relatives and friends of us have died of COVID-19. Who should bear the responsibility?	
6. Indiscriminate engagement	6.1 Posting on websites 	6.1.3 Posting original content on blogs	This report speaks the truth. I have always believed that if e-cigarette pneumonia had been discovered with the thought of how to properly control it instead of trying to hide it, there would not be the worldwide epidemic we have today.	